stat,games,reliability,n_players
3P%,5,0.06793639062601152,1973
3P%,10,0.12343403576649777,1772
3P%,15,0.20894640700499253,1615
3P%,20,0.30183185848457267,1409
3P%,25,0.3915945982452998,1178
3P%,30,0.4341049051780261,883
3P%,35,0.5184204530835222,492
FT%,5,0.17035392404563487,1973
FT%,10,0.2565823015580222,1772
FT%,15,0.3560819562928292,1615
FT%,20,0.437393342670976,1409
FT%,25,0.5267529178065875,1178
FT%,30,0.5736177055855325,883
FT%,35,0.6265384104054091,492
AST rate,5,0.6762409347544447,1973
AST rate,10,0.8373571658540698,1772
AST rate,15,0.8947952957687282,1615
AST rate,20,0.9254048765664286,1409
AST rate,25,0.9438018088257145,1178
AST rate,30,0.9542504139304778,883
AST rate,35,0.9623770481562129,492
